,accuracy,fit_time,score_time,benchmark
0,0.6944444444444444,22.74523687362671,0.3494710922241211,filterbank-riemann
1,0.7222222222222222,24.904144525527954,0.34576869010925293,filterbank-riemann
2,0.6944444444444444,21.073636293411255,0.34341001510620117,filterbank-riemann
3,0.7222222222222222,23.827033042907715,0.3474843502044678,filterbank-riemann
