,accuracy,fit_time,score_time,benchmark
0,0.6944444444444444,0.0009984970092773438,0.0008614063262939453,dummy
1,0.6944444444444444,0.0002758502960205078,0.0002460479736328125,dummy
2,0.6944444444444444,0.0002727508544921875,0.0002453327178955078,dummy
3,0.6944444444444444,0.00027680397033691406,0.0002605915069580078,dummy
